{
  "accuracy": 0.9254587155963303,
  "auc": 0.978468016194332,
  "sensitivity": 0.9344,
  "specificity": 0.902834008097166,
  "confusion_matrix": [
    [
      223,
      24
    ],
    [
      41,
      584
    ]
  ],
  "confidence_intervals": {
    "accuracy": "0.9253 [0.9071 - 0.9427]",
    "auc": "0.9785 [0.9700 - 0.9860]"
  }
}